slug,division,category,location,title,heroImage,metrics_sqft,metrics_timeline,metrics_scope,challenge_headline,challenge_desc,solution_headline,solution_desc,testimonial_quote,testimonial_author,testimonial_role,gallery_1,gallery_2,gallery_3,gallery_4
"toronto-kitchen-remodeling-exec-0","Residential","Kitchen Remodeling","Toronto, Greater Toronto Area","The Toronto Kitchen Remodeling","/optimized_v2/prj_toronto_kitchen-remodeling_hero.webp","14,500 SqFt","24 Months","Ground-up execution with subterranean zones.","Super-Scale Footprint Barrier","Executing a massive structure while navigating rigid maximum floor space index (FSI) restrictions.","Fortified Excavation","Implemented multi-phase structural shoring sequence. Deployed commercial-grade steel to achieve sweeping uninterrupted galleries.","Emperor Sami didn't just build a home. They engineered a fortress of perfection. A pure masterclass in execution.","Alexander V.","Toronto Estate Owner","/optimized_v2/prj_toronto_kitchen-remodeling_gal1.webp","/optimized_v2/prj_toronto_kitchen-remodeling_gal2.webp","",""
"oakville-kitchen-remodeling-exec-1","Residential","Kitchen Remodeling","Oakville, Greater Toronto Area","Oakville Kitchen Remodeling","/optimized_v2/prj_oakville_kitchen-remodeling_hero.webp","6,200 SqFt","12 Months","Heritage facade preservation and surgical gutting.","Historical Board Gridlock","Building within protected historical districts meant altering the street-facing structure was completely banned.","Surgical Superstructure Integration","Holding the 100-year-old facade entirely in place while we gutted the interior into a sprawling, modern open-concept.","Preserving the original facade while building a hyper-modern interior seemed impossible. They proved it wasn't.","Claire T.","Oakville Heritage Property Owner","/optimized_v2/prj_oakville_kitchen-remodeling_gal1.webp","/optimized_v2/prj_oakville_kitchen-remodeling_gal2.webp","",""
"vaughan-kitchen-remodeling-exec-2","Residential","Kitchen Remodeling","Vaughan, Greater Toronto Area","Vaughan Elite Vaughan Kitchen Remodeling","/optimized_v2/prj_vaughan_kitchen-remodeling_hero.webp","3,500 SqFt","14 Weeks","Multi-tier structural concrete and infinity integration.","Severe Grade Degradation","The primary expansion hung precariously over a protected ravine. Standard concrete foundations were structurally banned.","Deep Caisson Anchoring","Executed an advanced engineering array, drilling 40-foot deep friction caissons into bedrock, allowing a floating terrace.","Other contractors lacked the capacity to engineer this. The Sami Group brought in industrial rigs and executed it flawlessly.","Marcus L.","Vaughan Private Estate Owner","/optimized_v2/prj_vaughan_kitchen-remodeling_gal1.webp","/optimized_v2/prj_vaughan_kitchen-remodeling_gal2.webp","",""
"toronto-bathroom-remodeling-exec-0","Residential","Bathroom Remodeling","Toronto, Greater Toronto Area","The Toronto Bathroom Remodeling","/optimized_v2/prj_toronto_bathroom-remodeling_hero.webp","14,500 SqFt","24 Months","Ground-up execution with subterranean zones.","Super-Scale Footprint Barrier","Executing a massive structure while navigating rigid maximum floor space index (FSI) restrictions.","Fortified Excavation","Implemented multi-phase structural shoring sequence. Deployed commercial-grade steel to achieve sweeping uninterrupted galleries.","Emperor Sami didn't just build a home. They engineered a fortress of perfection. A pure masterclass in execution.","Alexander V.","Toronto Estate Owner","/optimized_v2/prj_toronto_bathroom-remodeling_gal1.webp","/optimized_v2/prj_toronto_bathroom-remodeling_gal2.webp","",""
"oakville-bathroom-remodeling-exec-1","Residential","Bathroom Remodeling","Oakville, Greater Toronto Area","Oakville Bathroom Remodeling","/optimized_v2/prj_oakville_bathroom-remodeling_hero.webp","6,200 SqFt","12 Months","Heritage facade preservation and surgical gutting.","Historical Board Gridlock","Building within protected historical districts meant altering the street-facing structure was completely banned.","Surgical Superstructure Integration","Holding the 100-year-old facade entirely in place while we gutted the interior into a sprawling, modern open-concept.","Preserving the original facade while building a hyper-modern interior seemed impossible. They proved it wasn't.","Claire T.","Oakville Heritage Property Owner","/optimized_v2/prj_oakville_bathroom-remodeling_gal1.webp","/optimized_v2/prj_oakville_bathroom-remodeling_gal2.webp","",""
"vaughan-bathroom-remodeling-exec-2","Residential","Bathroom Remodeling","Vaughan, Greater Toronto Area","Vaughan Elite Vaughan Bathroom Remodeling","/optimized_v2/prj_vaughan_bathroom-remodeling_hero.webp","3,500 SqFt","14 Weeks","Multi-tier structural concrete and infinity integration.","Severe Grade Degradation","The primary expansion hung precariously over a protected ravine. Standard concrete foundations were structurally banned.","Deep Caisson Anchoring","Executed an advanced engineering array, drilling 40-foot deep friction caissons into bedrock, allowing a floating terrace.","Other contractors lacked the capacity to engineer this. The Sami Group brought in industrial rigs and executed it flawlessly.","Marcus L.","Vaughan Private Estate Owner","/optimized_v2/prj_vaughan_bathroom-remodeling_gal1.webp","/optimized_v2/prj_vaughan_bathroom-remodeling_gal2.webp","",""
"toronto-room-additions-exec-0","Residential","Room Additions","Toronto, Greater Toronto Area","The Toronto Room Additions","/optimized_v2/prj_toronto_room-additions_hero.webp","14,500 SqFt","24 Months","Ground-up execution with subterranean zones.","Super-Scale Footprint Barrier","Executing a massive structure while navigating rigid maximum floor space index (FSI) restrictions.","Fortified Excavation","Implemented multi-phase structural shoring sequence. Deployed commercial-grade steel to achieve sweeping uninterrupted galleries.","Emperor Sami didn't just build a home. They engineered a fortress of perfection. A pure masterclass in execution.","Alexander V.","Toronto Estate Owner","/optimized_v2/prj_toronto_room-additions_gal1.webp","/optimized_v2/prj_toronto_room-additions_gal2.webp","",""
"oakville-room-additions-exec-1","Residential","Room Additions","Oakville, Greater Toronto Area","Oakville Room Additions","/optimized_v2/prj_oakville_room-additions_hero.webp","6,200 SqFt","12 Months","Heritage facade preservation and surgical gutting.","Historical Board Gridlock","Building within protected historical districts meant altering the street-facing structure was completely banned.","Surgical Superstructure Integration","Holding the 100-year-old facade entirely in place while we gutted the interior into a sprawling, modern open-concept.","Preserving the original facade while building a hyper-modern interior seemed impossible. They proved it wasn't.","Claire T.","Oakville Heritage Property Owner","/optimized_v2/prj_oakville_room-additions_gal1.webp","/optimized_v2/prj_oakville_room-additions_gal2.webp","",""
"vaughan-room-additions-exec-2","Residential","Room Additions","Vaughan, Greater Toronto Area","Vaughan Elite Vaughan Room Additions","/optimized_v2/prj_vaughan_room-additions_hero.webp","3,500 SqFt","14 Weeks","Multi-tier structural concrete and infinity integration.","Severe Grade Degradation","The primary expansion hung precariously over a protected ravine. Standard concrete foundations were structurally banned.","Deep Caisson Anchoring","Executed an advanced engineering array, drilling 40-foot deep friction caissons into bedrock, allowing a floating terrace.","Other contractors lacked the capacity to engineer this. The Sami Group brought in industrial rigs and executed it flawlessly.","Marcus L.","Vaughan Private Estate Owner","/optimized_v2/prj_vaughan_room-additions_gal1.webp","/optimized_v2/prj_vaughan_room-additions_gal2.webp","",""
"toronto-whole-home-renovations-exec-0","Residential","Whole Home Renovations","Toronto, Greater Toronto Area","The Toronto Whole Home Renovations","/optimized_v2/prj_toronto_whole-home-renovations_hero.webp","14,500 SqFt","24 Months","Ground-up execution with subterranean zones.","Super-Scale Footprint Barrier","Executing a massive structure while navigating rigid maximum floor space index (FSI) restrictions.","Fortified Excavation","Implemented multi-phase structural shoring sequence. Deployed commercial-grade steel to achieve sweeping uninterrupted galleries.","Emperor Sami didn't just build a home. They engineered a fortress of perfection. A pure masterclass in execution.","Alexander V.","Toronto Estate Owner","/optimized_v2/prj_toronto_whole-home-renovations_gal1.webp","/optimized_v2/prj_toronto_whole-home-renovations_gal2.webp","",""
"oakville-whole-home-renovations-exec-1","Residential","Whole Home Renovations","Oakville, Greater Toronto Area","Oakville Whole Home Renovations","/optimized_v2/prj_oakville_whole-home-renovations_hero.webp","6,200 SqFt","12 Months","Heritage facade preservation and surgical gutting.","Historical Board Gridlock","Building within protected historical districts meant altering the street-facing structure was completely banned.","Surgical Superstructure Integration","Holding the 100-year-old facade entirely in place while we gutted the interior into a sprawling, modern open-concept.","Preserving the original facade while building a hyper-modern interior seemed impossible. They proved it wasn't.","Claire T.","Oakville Heritage Property Owner","/optimized_v2/prj_oakville_whole-home-renovations_gal1.webp","/optimized_v2/prj_oakville_whole-home-renovations_gal2.webp","",""
"vaughan-whole-home-renovations-exec-2","Residential","Whole Home Renovations","Vaughan, Greater Toronto Area","Vaughan Elite Vaughan Whole Home Renovations","/optimized_v2/prj_vaughan_whole-home-renovations_hero.webp","3,500 SqFt","14 Weeks","Multi-tier structural concrete and infinity integration.","Severe Grade Degradation","The primary expansion hung precariously over a protected ravine. Standard concrete foundations were structurally banned.","Deep Caisson Anchoring","Executed an advanced engineering array, drilling 40-foot deep friction caissons into bedrock, allowing a floating terrace.","Other contractors lacked the capacity to engineer this. The Sami Group brought in industrial rigs and executed it flawlessly.","Marcus L.","Vaughan Private Estate Owner","/optimized_v2/prj_vaughan_whole-home-renovations_gal1.webp","/optimized_v2/prj_vaughan_whole-home-renovations_gal2.webp","",""
"toronto-open-concepts-exec-0","Residential","Open Concepts","Toronto, Greater Toronto Area","The Toronto Open Concepts","/optimized_v2/prj_toronto_open-concepts_hero.webp","14,500 SqFt","24 Months","Ground-up execution with subterranean zones.","Super-Scale Footprint Barrier","Executing a massive structure while navigating rigid maximum floor space index (FSI) restrictions.","Fortified Excavation","Implemented multi-phase structural shoring sequence. Deployed commercial-grade steel to achieve sweeping uninterrupted galleries.","Emperor Sami didn't just build a home. They engineered a fortress of perfection. A pure masterclass in execution.","Alexander V.","Toronto Estate Owner","/optimized_v2/prj_toronto_open-concepts_gal1.webp","/optimized_v2/prj_toronto_open-concepts_gal2.webp","",""
"oakville-open-concepts-exec-1","Residential","Open Concepts","Oakville, Greater Toronto Area","Oakville Open Concepts","/optimized_v2/prj_oakville_open-concepts_hero.webp","6,200 SqFt","12 Months","Heritage facade preservation and surgical gutting.","Historical Board Gridlock","Building within protected historical districts meant altering the street-facing structure was completely banned.","Surgical Superstructure Integration","Holding the 100-year-old facade entirely in place while we gutted the interior into a sprawling, modern open-concept.","Preserving the original facade while building a hyper-modern interior seemed impossible. They proved it wasn't.","Claire T.","Oakville Heritage Property Owner","/optimized_v2/prj_oakville_open-concepts_gal1.webp","/optimized_v2/prj_oakville_open-concepts_gal2.webp","",""
"vaughan-open-concepts-exec-2","Residential","Open Concepts","Vaughan, Greater Toronto Area","Vaughan Elite Vaughan Open Concepts","/optimized_v2/prj_vaughan_open-concepts_hero.webp","3,500 SqFt","14 Weeks","Multi-tier structural concrete and infinity integration.","Severe Grade Degradation","The primary expansion hung precariously over a protected ravine. Standard concrete foundations were structurally banned.","Deep Caisson Anchoring","Executed an advanced engineering array, drilling 40-foot deep friction caissons into bedrock, allowing a floating terrace.","Other contractors lacked the capacity to engineer this. The Sami Group brought in industrial rigs and executed it flawlessly.","Marcus L.","Vaughan Private Estate Owner","/optimized_v2/prj_vaughan_open-concepts_gal1.webp","/optimized_v2/prj_vaughan_open-concepts_gal2.webp","",""
"toronto-home-theaters-exec-0","Residential","Home Theaters","Toronto, Greater Toronto Area","The Toronto Home Theaters","/optimized_v2/prj_toronto_home-theaters_hero.webp","14,500 SqFt","24 Months","Ground-up execution with subterranean zones.","Super-Scale Footprint Barrier","Executing a massive structure while navigating rigid maximum floor space index (FSI) restrictions.","Fortified Excavation","Implemented multi-phase structural shoring sequence. Deployed commercial-grade steel to achieve sweeping uninterrupted galleries.","Emperor Sami didn't just build a home. They engineered a fortress of perfection. A pure masterclass in execution.","Alexander V.","Toronto Estate Owner","/optimized_v2/prj_toronto_home-theaters_gal1.webp","/optimized_v2/prj_toronto_home-theaters_gal2.webp","",""
"oakville-home-theaters-exec-1","Residential","Home Theaters","Oakville, Greater Toronto Area","Oakville Home Theaters","/optimized_v2/prj_oakville_home-theaters_hero.webp","6,200 SqFt","12 Months","Heritage facade preservation and surgical gutting.","Historical Board Gridlock","Building within protected historical districts meant altering the street-facing structure was completely banned.","Surgical Superstructure Integration","Holding the 100-year-old facade entirely in place while we gutted the interior into a sprawling, modern open-concept.","Preserving the original facade while building a hyper-modern interior seemed impossible. They proved it wasn't.","Claire T.","Oakville Heritage Property Owner","/optimized_v2/prj_oakville_home-theaters_gal1.webp","/optimized_v2/prj_oakville_home-theaters_gal2.webp","",""
"vaughan-home-theaters-exec-2","Residential","Home Theaters","Vaughan, Greater Toronto Area","Vaughan Elite Vaughan Home Theaters","/optimized_v2/prj_vaughan_home-theaters_hero.webp","3,500 SqFt","14 Weeks","Multi-tier structural concrete and infinity integration.","Severe Grade Degradation","The primary expansion hung precariously over a protected ravine. Standard concrete foundations were structurally banned.","Deep Caisson Anchoring","Executed an advanced engineering array, drilling 40-foot deep friction caissons into bedrock, allowing a floating terrace.","Other contractors lacked the capacity to engineer this. The Sami Group brought in industrial rigs and executed it flawlessly.","Marcus L.","Vaughan Private Estate Owner","/optimized_v2/prj_vaughan_home-theaters_gal1.webp","/optimized_v2/prj_vaughan_home-theaters_gal2.webp","",""
"toronto-guest-suites-exec-0","Residential","Guest Suites","Toronto, Greater Toronto Area","The Toronto Guest Suites","/optimized_v2/prj_toronto_guest-suites_hero.webp","14,500 SqFt","24 Months","Ground-up execution with subterranean zones.","Super-Scale Footprint Barrier","Executing a massive structure while navigating rigid maximum floor space index (FSI) restrictions.","Fortified Excavation","Implemented multi-phase structural shoring sequence. Deployed commercial-grade steel to achieve sweeping uninterrupted galleries.","Emperor Sami didn't just build a home. They engineered a fortress of perfection. A pure masterclass in execution.","Alexander V.","Toronto Estate Owner","/optimized_v2/prj_toronto_guest-suites_gal1.webp","/optimized_v2/prj_toronto_guest-suites_gal2.webp","",""
"oakville-guest-suites-exec-1","Residential","Guest Suites","Oakville, Greater Toronto Area","Oakville Guest Suites","/optimized_v2/prj_oakville_guest-suites_hero.webp","6,200 SqFt","12 Months","Heritage facade preservation and surgical gutting.","Historical Board Gridlock","Building within protected historical districts meant altering the street-facing structure was completely banned.","Surgical Superstructure Integration","Holding the 100-year-old facade entirely in place while we gutted the interior into a sprawling, modern open-concept.","Preserving the original facade while building a hyper-modern interior seemed impossible. They proved it wasn't.","Claire T.","Oakville Heritage Property Owner","/optimized_v2/prj_oakville_guest-suites_gal1.webp","/optimized_v2/prj_oakville_guest-suites_gal2.webp","",""
"vaughan-guest-suites-exec-2","Residential","Guest Suites","Vaughan, Greater Toronto Area","Vaughan Elite Vaughan Guest Suites","/optimized_v2/prj_vaughan_guest-suites_hero.webp","3,500 SqFt","14 Weeks","Multi-tier structural concrete and infinity integration.","Severe Grade Degradation","The primary expansion hung precariously over a protected ravine. Standard concrete foundations were structurally banned.","Deep Caisson Anchoring","Executed an advanced engineering array, drilling 40-foot deep friction caissons into bedrock, allowing a floating terrace.","Other contractors lacked the capacity to engineer this. The Sami Group brought in industrial rigs and executed it flawlessly.","Marcus L.","Vaughan Private Estate Owner","/optimized_v2/prj_vaughan_guest-suites_gal1.webp","/optimized_v2/prj_vaughan_guest-suites_gal2.webp","",""
"toronto-recreation-rooms-exec-0","Residential","Recreation Rooms","Toronto, Greater Toronto Area","The Toronto Recreation Rooms","/optimized_v2/prj_toronto_recreation-rooms_hero.webp","14,500 SqFt","24 Months","Ground-up execution with subterranean zones.","Super-Scale Footprint Barrier","Executing a massive structure while navigating rigid maximum floor space index (FSI) restrictions.","Fortified Excavation","Implemented multi-phase structural shoring sequence. Deployed commercial-grade steel to achieve sweeping uninterrupted galleries.","Emperor Sami didn't just build a home. They engineered a fortress of perfection. A pure masterclass in execution.","Alexander V.","Toronto Estate Owner","/optimized_v2/prj_toronto_recreation-rooms_gal1.webp","/optimized_v2/prj_toronto_recreation-rooms_gal2.webp","",""
"oakville-recreation-rooms-exec-1","Residential","Recreation Rooms","Oakville, Greater Toronto Area","Oakville Recreation Rooms","/optimized_v2/prj_oakville_recreation-rooms_hero.webp","6,200 SqFt","12 Months","Heritage facade preservation and surgical gutting.","Historical Board Gridlock","Building within protected historical districts meant altering the street-facing structure was completely banned.","Surgical Superstructure Integration","Holding the 100-year-old facade entirely in place while we gutted the interior into a sprawling, modern open-concept.","Preserving the original facade while building a hyper-modern interior seemed impossible. They proved it wasn't.","Claire T.","Oakville Heritage Property Owner","/optimized_v2/prj_oakville_recreation-rooms_gal1.webp","/optimized_v2/prj_oakville_recreation-rooms_gal2.webp","",""
"vaughan-recreation-rooms-exec-2","Residential","Recreation Rooms","Vaughan, Greater Toronto Area","Vaughan Elite Vaughan Recreation Rooms","/optimized_v2/prj_vaughan_recreation-rooms_hero.webp","3,500 SqFt","14 Weeks","Multi-tier structural concrete and infinity integration.","Severe Grade Degradation","The primary expansion hung precariously over a protected ravine. Standard concrete foundations were structurally banned.","Deep Caisson Anchoring","Executed an advanced engineering array, drilling 40-foot deep friction caissons into bedrock, allowing a floating terrace.","Other contractors lacked the capacity to engineer this. The Sami Group brought in industrial rigs and executed it flawlessly.","Marcus L.","Vaughan Private Estate Owner","/optimized_v2/prj_vaughan_recreation-rooms_gal1.webp","/optimized_v2/prj_vaughan_recreation-rooms_gal2.webp","",""
"toronto-decks-porches-exec-0","Residential","Decks & Porches","Toronto, Greater Toronto Area","The Toronto Decks & Porches","/optimized_v2/prj_toronto_decks-porches_hero.webp","14,500 SqFt","24 Months","Ground-up execution with subterranean zones.","Super-Scale Footprint Barrier","Executing a massive structure while navigating rigid maximum floor space index (FSI) restrictions.","Fortified Excavation","Implemented multi-phase structural shoring sequence. Deployed commercial-grade steel to achieve sweeping uninterrupted galleries.","Emperor Sami didn't just build a home. They engineered a fortress of perfection. A pure masterclass in execution.","Alexander V.","Toronto Estate Owner","/optimized_v2/prj_toronto_decks-porches_gal1.webp","/optimized_v2/prj_toronto_decks-porches_gal2.webp","",""
"oakville-decks-porches-exec-1","Residential","Decks & Porches","Oakville, Greater Toronto Area","Oakville Decks & Porches","/optimized_v2/prj_oakville_decks-porches_hero.webp","6,200 SqFt","12 Months","Heritage facade preservation and surgical gutting.","Historical Board Gridlock","Building within protected historical districts meant altering the street-facing structure was completely banned.","Surgical Superstructure Integration","Holding the 100-year-old facade entirely in place while we gutted the interior into a sprawling, modern open-concept.","Preserving the original facade while building a hyper-modern interior seemed impossible. They proved it wasn't.","Claire T.","Oakville Heritage Property Owner","/optimized_v2/prj_oakville_decks-porches_gal1.webp","/optimized_v2/prj_oakville_decks-porches_gal2.webp","",""
"vaughan-decks-porches-exec-2","Residential","Decks & Porches","Vaughan, Greater Toronto Area","Vaughan Elite Vaughan Decks & Porches","/optimized_v2/prj_vaughan_decks-porches_hero.webp","3,500 SqFt","14 Weeks","Multi-tier structural concrete and infinity integration.","Severe Grade Degradation","The primary expansion hung precariously over a protected ravine. Standard concrete foundations were structurally banned.","Deep Caisson Anchoring","Executed an advanced engineering array, drilling 40-foot deep friction caissons into bedrock, allowing a floating terrace.","Other contractors lacked the capacity to engineer this. The Sami Group brought in industrial rigs and executed it flawlessly.","Marcus L.","Vaughan Private Estate Owner","/optimized_v2/prj_vaughan_decks-porches_gal1.webp","/optimized_v2/prj_vaughan_decks-porches_gal2.webp","",""
"toronto-roofing-exec-0","Residential","Roofing","Toronto, Greater Toronto Area","The Toronto Roofing","/optimized_v2/prj_toronto_roofing_hero.webp","14,500 SqFt","24 Months","Ground-up execution with subterranean zones.","Super-Scale Footprint Barrier","Executing a massive structure while navigating rigid maximum floor space index (FSI) restrictions.","Fortified Excavation","Implemented multi-phase structural shoring sequence. Deployed commercial-grade steel to achieve sweeping uninterrupted galleries.","Emperor Sami didn't just build a home. They engineered a fortress of perfection. A pure masterclass in execution.","Alexander V.","Toronto Estate Owner","/optimized_v2/prj_toronto_roofing_gal1.webp","/optimized_v2/prj_toronto_roofing_gal2.webp","",""
"oakville-roofing-exec-1","Residential","Roofing","Oakville, Greater Toronto Area","Oakville Roofing","/optimized_v2/prj_oakville_roofing_hero.webp","6,200 SqFt","12 Months","Heritage facade preservation and surgical gutting.","Historical Board Gridlock","Building within protected historical districts meant altering the street-facing structure was completely banned.","Surgical Superstructure Integration","Holding the 100-year-old facade entirely in place while we gutted the interior into a sprawling, modern open-concept.","Preserving the original facade while building a hyper-modern interior seemed impossible. They proved it wasn't.","Claire T.","Oakville Heritage Property Owner","/optimized_v2/prj_oakville_roofing_gal1.webp","/optimized_v2/prj_oakville_roofing_gal2.webp","",""
"vaughan-roofing-exec-2","Residential","Roofing","Vaughan, Greater Toronto Area","Vaughan Elite Vaughan Roofing","/optimized_v2/prj_vaughan_roofing_hero.webp","3,500 SqFt","14 Weeks","Multi-tier structural concrete and infinity integration.","Severe Grade Degradation","The primary expansion hung precariously over a protected ravine. Standard concrete foundations were structurally banned.","Deep Caisson Anchoring","Executed an advanced engineering array, drilling 40-foot deep friction caissons into bedrock, allowing a floating terrace.","Other contractors lacked the capacity to engineer this. The Sami Group brought in industrial rigs and executed it flawlessly.","Marcus L.","Vaughan Private Estate Owner","/optimized_v2/prj_vaughan_roofing_gal1.webp","/optimized_v2/prj_vaughan_roofing_gal2.webp","",""
"toronto-siding-exec-0","Residential","Siding","Toronto, Greater Toronto Area","The Toronto Siding","/optimized_v2/prj_toronto_siding_hero.webp","14,500 SqFt","24 Months","Ground-up execution with subterranean zones.","Super-Scale Footprint Barrier","Executing a massive structure while navigating rigid maximum floor space index (FSI) restrictions.","Fortified Excavation","Implemented multi-phase structural shoring sequence. Deployed commercial-grade steel to achieve sweeping uninterrupted galleries.","Emperor Sami didn't just build a home. They engineered a fortress of perfection. A pure masterclass in execution.","Alexander V.","Toronto Estate Owner","/optimized_v2/prj_toronto_siding_gal1.webp","/optimized_v2/prj_toronto_siding_gal2.webp","",""
"oakville-siding-exec-1","Residential","Siding","Oakville, Greater Toronto Area","Oakville Siding","/optimized_v2/prj_oakville_siding_hero.webp","6,200 SqFt","12 Months","Heritage facade preservation and surgical gutting.","Historical Board Gridlock","Building within protected historical districts meant altering the street-facing structure was completely banned.","Surgical Superstructure Integration","Holding the 100-year-old facade entirely in place while we gutted the interior into a sprawling, modern open-concept.","Preserving the original facade while building a hyper-modern interior seemed impossible. They proved it wasn't.","Claire T.","Oakville Heritage Property Owner","/optimized_v2/prj_oakville_siding_gal1.webp","/optimized_v2/prj_oakville_siding_gal2.webp","",""
"vaughan-siding-exec-2","Residential","Siding","Vaughan, Greater Toronto Area","Vaughan Elite Vaughan Siding","/optimized_v2/prj_vaughan_siding_hero.webp","3,500 SqFt","14 Weeks","Multi-tier structural concrete and infinity integration.","Severe Grade Degradation","The primary expansion hung precariously over a protected ravine. Standard concrete foundations were structurally banned.","Deep Caisson Anchoring","Executed an advanced engineering array, drilling 40-foot deep friction caissons into bedrock, allowing a floating terrace.","Other contractors lacked the capacity to engineer this. The Sami Group brought in industrial rigs and executed it flawlessly.","Marcus L.","Vaughan Private Estate Owner","/optimized_v2/prj_vaughan_siding_gal1.webp","/optimized_v2/prj_vaughan_siding_gal2.webp","",""
"toronto-windows-doors-exec-0","Residential","Windows & Doors","Toronto, Greater Toronto Area","The Toronto Windows & Doors","/optimized_v2/prj_toronto_windows-doors_hero.webp","14,500 SqFt","24 Months","Ground-up execution with subterranean zones.","Super-Scale Footprint Barrier","Executing a massive structure while navigating rigid maximum floor space index (FSI) restrictions.","Fortified Excavation","Implemented multi-phase structural shoring sequence. Deployed commercial-grade steel to achieve sweeping uninterrupted galleries.","Emperor Sami didn't just build a home. They engineered a fortress of perfection. A pure masterclass in execution.","Alexander V.","Toronto Estate Owner","/optimized_v2/prj_toronto_windows-doors_gal1.webp","/optimized_v2/prj_toronto_windows-doors_gal2.webp","",""
"oakville-windows-doors-exec-1","Residential","Windows & Doors","Oakville, Greater Toronto Area","Oakville Windows & Doors","/optimized_v2/prj_oakville_windows-doors_hero.webp","6,200 SqFt","12 Months","Heritage facade preservation and surgical gutting.","Historical Board Gridlock","Building within protected historical districts meant altering the street-facing structure was completely banned.","Surgical Superstructure Integration","Holding the 100-year-old facade entirely in place while we gutted the interior into a sprawling, modern open-concept.","Preserving the original facade while building a hyper-modern interior seemed impossible. They proved it wasn't.","Claire T.","Oakville Heritage Property Owner","/optimized_v2/prj_oakville_windows-doors_gal1.webp","/optimized_v2/prj_oakville_windows-doors_gal2.webp","",""
"vaughan-windows-doors-exec-2","Residential","Windows & Doors","Vaughan, Greater Toronto Area","Vaughan Elite Vaughan Windows & Doors","/optimized_v2/prj_vaughan_windows-doors_hero.webp","3,500 SqFt","14 Weeks","Multi-tier structural concrete and infinity integration.","Severe Grade Degradation","The primary expansion hung precariously over a protected ravine. Standard concrete foundations were structurally banned.","Deep Caisson Anchoring","Executed an advanced engineering array, drilling 40-foot deep friction caissons into bedrock, allowing a floating terrace.","Other contractors lacked the capacity to engineer this. The Sami Group brought in industrial rigs and executed it flawlessly.","Marcus L.","Vaughan Private Estate Owner","/optimized_v2/prj_vaughan_windows-doors_gal1.webp","/optimized_v2/prj_vaughan_windows-doors_gal2.webp","",""
"toronto-fence-installation-exec-0","Residential","Fence Installation","Toronto, Greater Toronto Area","The Toronto Fence Installation","/optimized_v2/prj_toronto_fence-installation_hero.webp","14,500 SqFt","24 Months","Ground-up execution with subterranean zones.","Super-Scale Footprint Barrier","Executing a massive structure while navigating rigid maximum floor space index (FSI) restrictions.","Fortified Excavation","Implemented multi-phase structural shoring sequence. Deployed commercial-grade steel to achieve sweeping uninterrupted galleries.","Emperor Sami didn't just build a home. They engineered a fortress of perfection. A pure masterclass in execution.","Alexander V.","Toronto Estate Owner","/optimized_v2/prj_toronto_fence-installation_gal1.webp","/optimized_v2/prj_toronto_fence-installation_gal2.webp","",""
"oakville-fence-installation-exec-1","Residential","Fence Installation","Oakville, Greater Toronto Area","Oakville Fence Installation","/optimized_v2/prj_oakville_fence-installation_hero.webp","6,200 SqFt","12 Months","Heritage facade preservation and surgical gutting.","Historical Board Gridlock","Building within protected historical districts meant altering the street-facing structure was completely banned.","Surgical Superstructure Integration","Holding the 100-year-old facade entirely in place while we gutted the interior into a sprawling, modern open-concept.","Preserving the original facade while building a hyper-modern interior seemed impossible. They proved it wasn't.","Claire T.","Oakville Heritage Property Owner","/optimized_v2/prj_oakville_fence-installation_gal1.webp","/optimized_v2/prj_oakville_fence-installation_gal2.webp","",""
"vaughan-fence-installation-exec-2","Residential","Fence Installation","Vaughan, Greater Toronto Area","Vaughan Elite Vaughan Fence Installation","/optimized_v2/prj_vaughan_fence-installation_hero.webp","3,500 SqFt","14 Weeks","Multi-tier structural concrete and infinity integration.","Severe Grade Degradation","The primary expansion hung precariously over a protected ravine. Standard concrete foundations were structurally banned.","Deep Caisson Anchoring","Executed an advanced engineering array, drilling 40-foot deep friction caissons into bedrock, allowing a floating terrace.","Other contractors lacked the capacity to engineer this. The Sami Group brought in industrial rigs and executed it flawlessly.","Marcus L.","Vaughan Private Estate Owner","/optimized_v2/prj_vaughan_fence-installation_gal1.webp","/optimized_v2/prj_vaughan_fence-installation_gal2.webp","",""
"toronto-new-construction-exec-0","Residential","New Construction","Toronto, Greater Toronto Area","The Toronto New Construction","/optimized_v2/prj_toronto_new-construction_hero.webp","14,500 SqFt","24 Months","Ground-up execution with subterranean zones.","Super-Scale Footprint Barrier","Executing a massive structure while navigating rigid maximum floor space index (FSI) restrictions.","Fortified Excavation","Implemented multi-phase structural shoring sequence. Deployed commercial-grade steel to achieve sweeping uninterrupted galleries.","Emperor Sami didn't just build a home. They engineered a fortress of perfection. A pure masterclass in execution.","Alexander V.","Toronto Estate Owner","/optimized_v2/prj_toronto_new-construction_gal1.webp","/optimized_v2/prj_toronto_new-construction_gal2.webp","",""
"oakville-new-construction-exec-1","Residential","New Construction","Oakville, Greater Toronto Area","Oakville New Construction","/optimized_v2/prj_oakville_new-construction_hero.webp","6,200 SqFt","12 Months","Heritage facade preservation and surgical gutting.","Historical Board Gridlock","Building within protected historical districts meant altering the street-facing structure was completely banned.","Surgical Superstructure Integration","Holding the 100-year-old facade entirely in place while we gutted the interior into a sprawling, modern open-concept.","Preserving the original facade while building a hyper-modern interior seemed impossible. They proved it wasn't.","Claire T.","Oakville Heritage Property Owner","/optimized_v2/prj_oakville_new-construction_gal1.webp","/optimized_v2/prj_oakville_new-construction_gal2.webp","",""
"vaughan-new-construction-exec-2","Residential","New Construction","Vaughan, Greater Toronto Area","Vaughan Elite Vaughan New Construction","/optimized_v2/prj_vaughan_new-construction_hero.webp","3,500 SqFt","14 Weeks","Multi-tier structural concrete and infinity integration.","Severe Grade Degradation","The primary expansion hung precariously over a protected ravine. Standard concrete foundations were structurally banned.","Deep Caisson Anchoring","Executed an advanced engineering array, drilling 40-foot deep friction caissons into bedrock, allowing a floating terrace.","Other contractors lacked the capacity to engineer this. The Sami Group brought in industrial rigs and executed it flawlessly.","Marcus L.","Vaughan Private Estate Owner","/optimized_v2/prj_vaughan_new-construction_gal1.webp","/optimized_v2/prj_vaughan_new-construction_gal2.webp","",""
"toronto-custom-design-exec-0","Residential","Custom Design","Toronto, Greater Toronto Area","The Toronto Custom Design","/optimized_v2/prj_toronto_custom-design_hero.webp","14,500 SqFt","24 Months","Ground-up execution with subterranean zones.","Super-Scale Footprint Barrier","Executing a massive structure while navigating rigid maximum floor space index (FSI) restrictions.","Fortified Excavation","Implemented multi-phase structural shoring sequence. Deployed commercial-grade steel to achieve sweeping uninterrupted galleries.","Emperor Sami didn't just build a home. They engineered a fortress of perfection. A pure masterclass in execution.","Alexander V.","Toronto Estate Owner","/optimized_v2/prj_toronto_custom-design_gal1.webp","/optimized_v2/prj_toronto_custom-design_gal2.webp","",""
"oakville-custom-design-exec-1","Residential","Custom Design","Oakville, Greater Toronto Area","Oakville Custom Design","/optimized_v2/prj_oakville_custom-design_hero.webp","6,200 SqFt","12 Months","Heritage facade preservation and surgical gutting.","Historical Board Gridlock","Building within protected historical districts meant altering the street-facing structure was completely banned.","Surgical Superstructure Integration","Holding the 100-year-old facade entirely in place while we gutted the interior into a sprawling, modern open-concept.","Preserving the original facade while building a hyper-modern interior seemed impossible. They proved it wasn't.","Claire T.","Oakville Heritage Property Owner","/optimized_v2/prj_oakville_custom-design_gal1.webp","/optimized_v2/prj_oakville_custom-design_gal2.webp","",""
"vaughan-custom-design-exec-2","Residential","Custom Design","Vaughan, Greater Toronto Area","Vaughan Elite Vaughan Custom Design","/optimized_v2/prj_vaughan_custom-design_hero.webp","3,500 SqFt","14 Weeks","Multi-tier structural concrete and infinity integration.","Severe Grade Degradation","The primary expansion hung precariously over a protected ravine. Standard concrete foundations were structurally banned.","Deep Caisson Anchoring","Executed an advanced engineering array, drilling 40-foot deep friction caissons into bedrock, allowing a floating terrace.","Other contractors lacked the capacity to engineer this. The Sami Group brought in industrial rigs and executed it flawlessly.","Marcus L.","Vaughan Private Estate Owner","/optimized_v2/prj_vaughan_custom-design_gal1.webp","/optimized_v2/prj_vaughan_custom-design_gal2.webp","",""
"toronto-quality-materials-exec-0","Residential","Quality Materials","Toronto, Greater Toronto Area","The Toronto Quality Materials","/optimized_v2/prj_toronto_quality-materials_hero.webp","14,500 SqFt","24 Months","Ground-up execution with subterranean zones.","Super-Scale Footprint Barrier","Executing a massive structure while navigating rigid maximum floor space index (FSI) restrictions.","Fortified Excavation","Implemented multi-phase structural shoring sequence. Deployed commercial-grade steel to achieve sweeping uninterrupted galleries.","Emperor Sami didn't just build a home. They engineered a fortress of perfection. A pure masterclass in execution.","Alexander V.","Toronto Estate Owner","/optimized_v2/prj_toronto_quality-materials_gal1.webp","/optimized_v2/prj_toronto_quality-materials_gal2.webp","",""
"oakville-quality-materials-exec-1","Residential","Quality Materials","Oakville, Greater Toronto Area","Oakville Quality Materials","/optimized_v2/prj_oakville_quality-materials_hero.webp","6,200 SqFt","12 Months","Heritage facade preservation and surgical gutting.","Historical Board Gridlock","Building within protected historical districts meant altering the street-facing structure was completely banned.","Surgical Superstructure Integration","Holding the 100-year-old facade entirely in place while we gutted the interior into a sprawling, modern open-concept.","Preserving the original facade while building a hyper-modern interior seemed impossible. They proved it wasn't.","Claire T.","Oakville Heritage Property Owner","/optimized_v2/prj_oakville_quality-materials_gal1.webp","/optimized_v2/prj_oakville_quality-materials_gal2.webp","",""
"vaughan-quality-materials-exec-2","Residential","Quality Materials","Vaughan, Greater Toronto Area","Vaughan Elite Vaughan Quality Materials","/optimized_v2/prj_vaughan_quality-materials_hero.webp","3,500 SqFt","14 Weeks","Multi-tier structural concrete and infinity integration.","Severe Grade Degradation","The primary expansion hung precariously over a protected ravine. Standard concrete foundations were structurally banned.","Deep Caisson Anchoring","Executed an advanced engineering array, drilling 40-foot deep friction caissons into bedrock, allowing a floating terrace.","Other contractors lacked the capacity to engineer this. The Sami Group brought in industrial rigs and executed it flawlessly.","Marcus L.","Vaughan Private Estate Owner","/optimized_v2/prj_vaughan_quality-materials_gal1.webp","/optimized_v2/prj_vaughan_quality-materials_gal2.webp","",""
"toronto-turnkey-solutions-exec-0","Commercial","Turnkey Facility Solutions","Toronto, Greater Toronto Area","The Toronto Turnkey Facility Solutions","/optimized_v2/prj_toronto_turnkey-solutions_hero.webp","22,000 SqFt","12 Months","Commercial Tier 1 structural overhaul.","Live Operational Constraints","The neighboring units were actively operational, requiring zero acoustic or vibrational bleed.","Negative-Pressure & Dampening","Executed heavy demising inside a negative-pressure acoustic boundary to isolate the worksite completely from public zones.","Their ability to gut 20,000 square feet without disrupting a single adjacent business is terrifyingly efficient.","Marcus T.","Toronto Commercial Asset Director","/optimized_v2/prj_toronto_turnkey-solutions_gal1.webp","/optimized_v2/prj_toronto_turnkey-solutions_gal2.webp","",""
"oakville-turnkey-solutions-exec-1","Commercial","Turnkey Facility Solutions","Oakville, Greater Toronto Area","Oakville Turnkey Facility Solutions","/optimized_v2/prj_oakville_turnkey-solutions_hero.webp","45,000 SqFt","18 Months","Multi-floor corporate interior build-out.","High-Density Data Infrastructure","The tenant required immense miles of fiber-optics without sacrificing the exposed-concrete industrial aesthetic.","Suspended Conduit Matrices","We mapped a geometric cable-tray system that acted as a visual architectural element rather than hidden ducting.","They turned an impossible IT infrastructure requirement into the standout visual feature of our global headquarters.","Sarah L.","Oakville VP of Operations","/optimized_v2/prj_oakville_turnkey-solutions_gal1.webp","/optimized_v2/prj_oakville_turnkey-solutions_gal2.webp","",""
"vaughan-turnkey-solutions-exec-2","Commercial","Turnkey Facility Solutions","Vaughan, Greater Toronto Area","Vaughan Elite Vaughan Turnkey Facility Solutions","/optimized_v2/prj_vaughan_turnkey-solutions_hero.webp","12,500 SqFt","6 Months","Adaptive reuse of an abandoned warehouse.","Toxic Material Abatement","The 1930s facility was lined with century-old industrial hazardous barriers requiring strict environmental protocols.","Total Bio-Seal Removal","We enacted full hazmat lockdown sequencing, clearing the structure to bare brick before beginning the luxury retail refit.","Emperor Sami managed the abatement and the luxury build-out under a single, flawlessly executed timeline.","David K.","Vaughan Retail Investor","/optimized_v2/prj_vaughan_turnkey-solutions_gal1.webp","/optimized_v2/prj_vaughan_turnkey-solutions_gal2.webp","",""
"toronto-ground-up-construction-exec-0","Commercial","Ground-Up Construction","Toronto, Greater Toronto Area","The Toronto Ground-Up Construction","/optimized_v2/prj_toronto_ground-up-construction_hero.webp","22,000 SqFt","12 Months","Commercial Tier 1 structural overhaul.","Live Operational Constraints","The neighboring units were actively operational, requiring zero acoustic or vibrational bleed.","Negative-Pressure & Dampening","Executed heavy demising inside a negative-pressure acoustic boundary to isolate the worksite completely from public zones.","Their ability to gut 20,000 square feet without disrupting a single adjacent business is terrifyingly efficient.","Marcus T.","Toronto Commercial Asset Director","/optimized_v2/prj_toronto_ground-up-construction_gal1.webp","/optimized_v2/prj_toronto_ground-up-construction_gal2.webp","",""
"oakville-ground-up-construction-exec-1","Commercial","Ground-Up Construction","Oakville, Greater Toronto Area","Oakville Ground-Up Construction","/optimized_v2/prj_oakville_ground-up-construction_hero.webp","45,000 SqFt","18 Months","Multi-floor corporate interior build-out.","High-Density Data Infrastructure","The tenant required immense miles of fiber-optics without sacrificing the exposed-concrete industrial aesthetic.","Suspended Conduit Matrices","We mapped a geometric cable-tray system that acted as a visual architectural element rather than hidden ducting.","They turned an impossible IT infrastructure requirement into the standout visual feature of our global headquarters.","Sarah L.","Oakville VP of Operations","/optimized_v2/prj_oakville_ground-up-construction_gal1.webp","/optimized_v2/prj_oakville_ground-up-construction_gal2.webp","",""
"vaughan-ground-up-construction-exec-2","Commercial","Ground-Up Construction","Vaughan, Greater Toronto Area","Vaughan Elite Vaughan Ground-Up Construction","/optimized_v2/prj_vaughan_ground-up-construction_hero.webp","12,500 SqFt","6 Months","Adaptive reuse of an abandoned warehouse.","Toxic Material Abatement","The 1930s facility was lined with century-old industrial hazardous barriers requiring strict environmental protocols.","Total Bio-Seal Removal","We enacted full hazmat lockdown sequencing, clearing the structure to bare brick before beginning the luxury retail refit.","Emperor Sami managed the abatement and the luxury build-out under a single, flawlessly executed timeline.","David K.","Vaughan Retail Investor","/optimized_v2/prj_vaughan_ground-up-construction_gal1.webp","/optimized_v2/prj_vaughan_ground-up-construction_gal2.webp","",""
"toronto-design-build-exec-0","Commercial","Design-Build Services","Toronto, Greater Toronto Area","The Toronto Design-Build Services","/optimized_v2/prj_toronto_design-build_hero.webp","22,000 SqFt","12 Months","Commercial Tier 1 structural overhaul.","Live Operational Constraints","The neighboring units were actively operational, requiring zero acoustic or vibrational bleed.","Negative-Pressure & Dampening","Executed heavy demising inside a negative-pressure acoustic boundary to isolate the worksite completely from public zones.","Their ability to gut 20,000 square feet without disrupting a single adjacent business is terrifyingly efficient.","Marcus T.","Toronto Commercial Asset Director","/optimized_v2/prj_toronto_design-build_gal1.webp","/optimized_v2/prj_toronto_design-build_gal2.webp","",""
"oakville-design-build-exec-1","Commercial","Design-Build Services","Oakville, Greater Toronto Area","Oakville Design-Build Services","/optimized_v2/prj_oakville_design-build_hero.webp","45,000 SqFt","18 Months","Multi-floor corporate interior build-out.","High-Density Data Infrastructure","The tenant required immense miles of fiber-optics without sacrificing the exposed-concrete industrial aesthetic.","Suspended Conduit Matrices","We mapped a geometric cable-tray system that acted as a visual architectural element rather than hidden ducting.","They turned an impossible IT infrastructure requirement into the standout visual feature of our global headquarters.","Sarah L.","Oakville VP of Operations","/optimized_v2/prj_oakville_design-build_gal1.webp","/optimized_v2/prj_oakville_design-build_gal2.webp","",""
"vaughan-design-build-exec-2","Commercial","Design-Build Services","Vaughan, Greater Toronto Area","Vaughan Elite Vaughan Design-Build Services","/optimized_v2/prj_vaughan_design-build_hero.webp","12,500 SqFt","6 Months","Adaptive reuse of an abandoned warehouse.","Toxic Material Abatement","The 1930s facility was lined with century-old industrial hazardous barriers requiring strict environmental protocols.","Total Bio-Seal Removal","We enacted full hazmat lockdown sequencing, clearing the structure to bare brick before beginning the luxury retail refit.","Emperor Sami managed the abatement and the luxury build-out under a single, flawlessly executed timeline.","David K.","Vaughan Retail Investor","/optimized_v2/prj_vaughan_design-build_gal1.webp","/optimized_v2/prj_vaughan_design-build_gal2.webp","",""
"toronto-material-sourcing-exec-0","Commercial","Structural Material Sourcing","Toronto, Greater Toronto Area","The Toronto Structural Material Sourcing","/optimized_v2/prj_toronto_material-sourcing_hero.webp","22,000 SqFt","12 Months","Commercial Tier 1 structural overhaul.","Live Operational Constraints","The neighboring units were actively operational, requiring zero acoustic or vibrational bleed.","Negative-Pressure & Dampening","Executed heavy demising inside a negative-pressure acoustic boundary to isolate the worksite completely from public zones.","Their ability to gut 20,000 square feet without disrupting a single adjacent business is terrifyingly efficient.","Marcus T.","Toronto Commercial Asset Director","/optimized_v2/prj_toronto_material-sourcing_gal1.webp","/optimized_v2/prj_toronto_material-sourcing_gal2.webp","",""
"oakville-material-sourcing-exec-1","Commercial","Structural Material Sourcing","Oakville, Greater Toronto Area","Oakville Structural Material Sourcing","/optimized_v2/prj_oakville_material-sourcing_hero.webp","45,000 SqFt","18 Months","Multi-floor corporate interior build-out.","High-Density Data Infrastructure","The tenant required immense miles of fiber-optics without sacrificing the exposed-concrete industrial aesthetic.","Suspended Conduit Matrices","We mapped a geometric cable-tray system that acted as a visual architectural element rather than hidden ducting.","They turned an impossible IT infrastructure requirement into the standout visual feature of our global headquarters.","Sarah L.","Oakville VP of Operations","/optimized_v2/prj_oakville_material-sourcing_gal1.webp","/optimized_v2/prj_oakville_material-sourcing_gal2.webp","",""
"vaughan-material-sourcing-exec-2","Commercial","Structural Material Sourcing","Vaughan, Greater Toronto Area","Vaughan Elite Vaughan Structural Material Sourcing","/optimized_v2/prj_vaughan_material-sourcing_hero.webp","12,500 SqFt","6 Months","Adaptive reuse of an abandoned warehouse.","Toxic Material Abatement","The 1930s facility was lined with century-old industrial hazardous barriers requiring strict environmental protocols.","Total Bio-Seal Removal","We enacted full hazmat lockdown sequencing, clearing the structure to bare brick before beginning the luxury retail refit.","Emperor Sami managed the abatement and the luxury build-out under a single, flawlessly executed timeline.","David K.","Vaughan Retail Investor","/optimized_v2/prj_vaughan_material-sourcing_gal1.webp","/optimized_v2/prj_vaughan_material-sourcing_gal2.webp","",""
"toronto-tenant-build-outs-exec-0","Commercial","Tenant Build-Outs","Toronto, Greater Toronto Area","The Toronto Tenant Build-Outs","/optimized_v2/prj_toronto_tenant-build-outs_hero.webp","22,000 SqFt","12 Months","Commercial Tier 1 structural overhaul.","Live Operational Constraints","The neighboring units were actively operational, requiring zero acoustic or vibrational bleed.","Negative-Pressure & Dampening","Executed heavy demising inside a negative-pressure acoustic boundary to isolate the worksite completely from public zones.","Their ability to gut 20,000 square feet without disrupting a single adjacent business is terrifyingly efficient.","Marcus T.","Toronto Commercial Asset Director","/optimized_v2/prj_toronto_tenant-build-outs_gal1.webp","/optimized_v2/prj_toronto_tenant-build-outs_gal2.webp","",""
"oakville-tenant-build-outs-exec-1","Commercial","Tenant Build-Outs","Oakville, Greater Toronto Area","Oakville Tenant Build-Outs","/optimized_v2/prj_oakville_tenant-build-outs_hero.webp","45,000 SqFt","18 Months","Multi-floor corporate interior build-out.","High-Density Data Infrastructure","The tenant required immense miles of fiber-optics without sacrificing the exposed-concrete industrial aesthetic.","Suspended Conduit Matrices","We mapped a geometric cable-tray system that acted as a visual architectural element rather than hidden ducting.","They turned an impossible IT infrastructure requirement into the standout visual feature of our global headquarters.","Sarah L.","Oakville VP of Operations","/optimized_v2/prj_oakville_tenant-build-outs_gal1.webp","/optimized_v2/prj_oakville_tenant-build-outs_gal2.webp","",""
"vaughan-tenant-build-outs-exec-2","Commercial","Tenant Build-Outs","Vaughan, Greater Toronto Area","Vaughan Elite Vaughan Tenant Build-Outs","/optimized_v2/prj_vaughan_tenant-build-outs_hero.webp","12,500 SqFt","6 Months","Adaptive reuse of an abandoned warehouse.","Toxic Material Abatement","The 1930s facility was lined with century-old industrial hazardous barriers requiring strict environmental protocols.","Total Bio-Seal Removal","We enacted full hazmat lockdown sequencing, clearing the structure to bare brick before beginning the luxury retail refit.","Emperor Sami managed the abatement and the luxury build-out under a single, flawlessly executed timeline.","David K.","Vaughan Retail Investor","/optimized_v2/prj_vaughan_tenant-build-outs_gal1.webp","/optimized_v2/prj_vaughan_tenant-build-outs_gal2.webp","",""
"toronto-vanilla-shell-finish-exec-0","Commercial","Vanilla Shell Finish","Toronto, Greater Toronto Area","The Toronto Vanilla Shell Finish","/optimized_v2/prj_toronto_vanilla-shell-finish_hero.webp","22,000 SqFt","12 Months","Commercial Tier 1 structural overhaul.","Live Operational Constraints","The neighboring units were actively operational, requiring zero acoustic or vibrational bleed.","Negative-Pressure & Dampening","Executed heavy demising inside a negative-pressure acoustic boundary to isolate the worksite completely from public zones.","Their ability to gut 20,000 square feet without disrupting a single adjacent business is terrifyingly efficient.","Marcus T.","Toronto Commercial Asset Director","/optimized_v2/prj_toronto_vanilla-shell-finish_gal1.webp","/optimized_v2/prj_toronto_vanilla-shell-finish_gal2.webp","",""
"oakville-vanilla-shell-finish-exec-1","Commercial","Vanilla Shell Finish","Oakville, Greater Toronto Area","Oakville Vanilla Shell Finish","/optimized_v2/prj_oakville_vanilla-shell-finish_hero.webp","45,000 SqFt","18 Months","Multi-floor corporate interior build-out.","High-Density Data Infrastructure","The tenant required immense miles of fiber-optics without sacrificing the exposed-concrete industrial aesthetic.","Suspended Conduit Matrices","We mapped a geometric cable-tray system that acted as a visual architectural element rather than hidden ducting.","They turned an impossible IT infrastructure requirement into the standout visual feature of our global headquarters.","Sarah L.","Oakville VP of Operations","/optimized_v2/prj_oakville_vanilla-shell-finish_gal1.webp","/optimized_v2/prj_oakville_vanilla-shell-finish_gal2.webp","",""
"vaughan-vanilla-shell-finish-exec-2","Commercial","Vanilla Shell Finish","Vaughan, Greater Toronto Area","Vaughan Elite Vaughan Vanilla Shell Finish","/optimized_v2/prj_vaughan_vanilla-shell-finish_hero.webp","12,500 SqFt","6 Months","Adaptive reuse of an abandoned warehouse.","Toxic Material Abatement","The 1930s facility was lined with century-old industrial hazardous barriers requiring strict environmental protocols.","Total Bio-Seal Removal","We enacted full hazmat lockdown sequencing, clearing the structure to bare brick before beginning the luxury retail refit.","Emperor Sami managed the abatement and the luxury build-out under a single, flawlessly executed timeline.","David K.","Vaughan Retail Investor","/optimized_v2/prj_vaughan_vanilla-shell-finish_gal1.webp","/optimized_v2/prj_vaughan_vanilla-shell-finish_gal2.webp","",""
"toronto-office-modernization-exec-0","Commercial","Office Space Modernization","Toronto, Greater Toronto Area","The Toronto Office Space Modernization","/optimized_v2/prj_toronto_office-modernization_hero.webp","22,000 SqFt","12 Months","Commercial Tier 1 structural overhaul.","Live Operational Constraints","The neighboring units were actively operational, requiring zero acoustic or vibrational bleed.","Negative-Pressure & Dampening","Executed heavy demising inside a negative-pressure acoustic boundary to isolate the worksite completely from public zones.","Their ability to gut 20,000 square feet without disrupting a single adjacent business is terrifyingly efficient.","Marcus T.","Toronto Commercial Asset Director","/optimized_v2/prj_toronto_office-modernization_gal1.webp","/optimized_v2/prj_toronto_office-modernization_gal2.webp","",""
"oakville-office-modernization-exec-1","Commercial","Office Space Modernization","Oakville, Greater Toronto Area","Oakville Office Space Modernization","/optimized_v2/prj_oakville_office-modernization_hero.webp","45,000 SqFt","18 Months","Multi-floor corporate interior build-out.","High-Density Data Infrastructure","The tenant required immense miles of fiber-optics without sacrificing the exposed-concrete industrial aesthetic.","Suspended Conduit Matrices","We mapped a geometric cable-tray system that acted as a visual architectural element rather than hidden ducting.","They turned an impossible IT infrastructure requirement into the standout visual feature of our global headquarters.","Sarah L.","Oakville VP of Operations","/optimized_v2/prj_oakville_office-modernization_gal1.webp","/optimized_v2/prj_oakville_office-modernization_gal2.webp","",""
"vaughan-office-modernization-exec-2","Commercial","Office Space Modernization","Vaughan, Greater Toronto Area","Vaughan Elite Vaughan Office Space Modernization","/optimized_v2/prj_vaughan_office-modernization_hero.webp","12,500 SqFt","6 Months","Adaptive reuse of an abandoned warehouse.","Toxic Material Abatement","The 1930s facility was lined with century-old industrial hazardous barriers requiring strict environmental protocols.","Total Bio-Seal Removal","We enacted full hazmat lockdown sequencing, clearing the structure to bare brick before beginning the luxury retail refit.","Emperor Sami managed the abatement and the luxury build-out under a single, flawlessly executed timeline.","David K.","Vaughan Retail Investor","/optimized_v2/prj_vaughan_office-modernization_gal1.webp","/optimized_v2/prj_vaughan_office-modernization_gal2.webp","",""
"toronto-ada-compliance-exec-0","Commercial","ADA Compliance Retrofitting","Toronto, Greater Toronto Area","The Toronto ADA Compliance Retrofitting","/optimized_v2/prj_toronto_ada-compliance_hero.webp","22,000 SqFt","12 Months","Commercial Tier 1 structural overhaul.","Live Operational Constraints","The neighboring units were actively operational, requiring zero acoustic or vibrational bleed.","Negative-Pressure & Dampening","Executed heavy demising inside a negative-pressure acoustic boundary to isolate the worksite completely from public zones.","Their ability to gut 20,000 square feet without disrupting a single adjacent business is terrifyingly efficient.","Marcus T.","Toronto Commercial Asset Director","/optimized_v2/prj_toronto_ada-compliance_gal1.webp","/optimized_v2/prj_toronto_ada-compliance_gal2.webp","",""
"oakville-ada-compliance-exec-1","Commercial","ADA Compliance Retrofitting","Oakville, Greater Toronto Area","Oakville ADA Compliance Retrofitting","/optimized_v2/prj_oakville_ada-compliance_hero.webp","45,000 SqFt","18 Months","Multi-floor corporate interior build-out.","High-Density Data Infrastructure","The tenant required immense miles of fiber-optics without sacrificing the exposed-concrete industrial aesthetic.","Suspended Conduit Matrices","We mapped a geometric cable-tray system that acted as a visual architectural element rather than hidden ducting.","They turned an impossible IT infrastructure requirement into the standout visual feature of our global headquarters.","Sarah L.","Oakville VP of Operations","/optimized_v2/prj_oakville_ada-compliance_gal1.webp","/optimized_v2/prj_oakville_ada-compliance_gal2.webp","",""
"vaughan-ada-compliance-exec-2","Commercial","ADA Compliance Retrofitting","Vaughan, Greater Toronto Area","Vaughan Elite Vaughan ADA Compliance Retrofitting","/optimized_v2/prj_vaughan_ada-compliance_hero.webp","12,500 SqFt","6 Months","Adaptive reuse of an abandoned warehouse.","Toxic Material Abatement","The 1930s facility was lined with century-old industrial hazardous barriers requiring strict environmental protocols.","Total Bio-Seal Removal","We enacted full hazmat lockdown sequencing, clearing the structure to bare brick before beginning the luxury retail refit.","Emperor Sami managed the abatement and the luxury build-out under a single, flawlessly executed timeline.","David K.","Vaughan Retail Investor","/optimized_v2/prj_vaughan_ada-compliance_gal1.webp","/optimized_v2/prj_vaughan_ada-compliance_gal2.webp","",""
"toronto-adaptive-reuse-exec-0","Commercial","Adaptive Reuse Conversions","Toronto, Greater Toronto Area","The Toronto Adaptive Reuse Conversions","/optimized_v2/prj_toronto_adaptive-reuse_hero.webp","22,000 SqFt","12 Months","Commercial Tier 1 structural overhaul.","Live Operational Constraints","The neighboring units were actively operational, requiring zero acoustic or vibrational bleed.","Negative-Pressure & Dampening","Executed heavy demising inside a negative-pressure acoustic boundary to isolate the worksite completely from public zones.","Their ability to gut 20,000 square feet without disrupting a single adjacent business is terrifyingly efficient.","Marcus T.","Toronto Commercial Asset Director","/optimized_v2/prj_toronto_adaptive-reuse_gal1.webp","/optimized_v2/prj_toronto_adaptive-reuse_gal2.webp","",""
"oakville-adaptive-reuse-exec-1","Commercial","Adaptive Reuse Conversions","Oakville, Greater Toronto Area","Oakville Adaptive Reuse Conversions","/optimized_v2/prj_oakville_adaptive-reuse_hero.webp","45,000 SqFt","18 Months","Multi-floor corporate interior build-out.","High-Density Data Infrastructure","The tenant required immense miles of fiber-optics without sacrificing the exposed-concrete industrial aesthetic.","Suspended Conduit Matrices","We mapped a geometric cable-tray system that acted as a visual architectural element rather than hidden ducting.","They turned an impossible IT infrastructure requirement into the standout visual feature of our global headquarters.","Sarah L.","Oakville VP of Operations","/optimized_v2/prj_oakville_adaptive-reuse_gal1.webp","/optimized_v2/prj_oakville_adaptive-reuse_gal2.webp","",""
"vaughan-adaptive-reuse-exec-2","Commercial","Adaptive Reuse Conversions","Vaughan, Greater Toronto Area","Vaughan Elite Vaughan Adaptive Reuse Conversions","/optimized_v2/prj_vaughan_adaptive-reuse_hero.webp","12,500 SqFt","6 Months","Adaptive reuse of an abandoned warehouse.","Toxic Material Abatement","The 1930s facility was lined with century-old industrial hazardous barriers requiring strict environmental protocols.","Total Bio-Seal Removal","We enacted full hazmat lockdown sequencing, clearing the structure to bare brick before beginning the luxury retail refit.","Emperor Sami managed the abatement and the luxury build-out under a single, flawlessly executed timeline.","David K.","Vaughan Retail Investor","/optimized_v2/prj_vaughan_adaptive-reuse_gal1.webp","/optimized_v2/prj_vaughan_adaptive-reuse_gal2.webp","",""
"toronto-executive-suites-exec-0","Commercial","Executive Suite Construction","Toronto, Greater Toronto Area","The Toronto Executive Suite Construction","/optimized_v2/prj_toronto_executive-suites_hero.webp","22,000 SqFt","12 Months","Commercial Tier 1 structural overhaul.","Live Operational Constraints","The neighboring units were actively operational, requiring zero acoustic or vibrational bleed.","Negative-Pressure & Dampening","Executed heavy demising inside a negative-pressure acoustic boundary to isolate the worksite completely from public zones.","Their ability to gut 20,000 square feet without disrupting a single adjacent business is terrifyingly efficient.","Marcus T.","Toronto Commercial Asset Director","/optimized_v2/prj_toronto_executive-suites_gal1.webp","/optimized_v2/prj_toronto_executive-suites_gal2.webp","",""
"oakville-executive-suites-exec-1","Commercial","Executive Suite Construction","Oakville, Greater Toronto Area","Oakville Executive Suite Construction","/optimized_v2/prj_oakville_executive-suites_hero.webp","45,000 SqFt","18 Months","Multi-floor corporate interior build-out.","High-Density Data Infrastructure","The tenant required immense miles of fiber-optics without sacrificing the exposed-concrete industrial aesthetic.","Suspended Conduit Matrices","We mapped a geometric cable-tray system that acted as a visual architectural element rather than hidden ducting.","They turned an impossible IT infrastructure requirement into the standout visual feature of our global headquarters.","Sarah L.","Oakville VP of Operations","/optimized_v2/prj_oakville_executive-suites_gal1.webp","/optimized_v2/prj_oakville_executive-suites_gal2.webp","",""
"vaughan-executive-suites-exec-2","Commercial","Executive Suite Construction","Vaughan, Greater Toronto Area","Vaughan Elite Vaughan Executive Suite Construction","/optimized_v2/prj_vaughan_executive-suites_hero.webp","12,500 SqFt","6 Months","Adaptive reuse of an abandoned warehouse.","Toxic Material Abatement","The 1930s facility was lined with century-old industrial hazardous barriers requiring strict environmental protocols.","Total Bio-Seal Removal","We enacted full hazmat lockdown sequencing, clearing the structure to bare brick before beginning the luxury retail refit.","Emperor Sami managed the abatement and the luxury build-out under a single, flawlessly executed timeline.","David K.","Vaughan Retail Investor","/optimized_v2/prj_vaughan_executive-suites_gal1.webp","/optimized_v2/prj_vaughan_executive-suites_gal2.webp","",""
"toronto-cafeteria-builds-exec-0","Commercial","Breakroom & Cafeteria Builds","Toronto, Greater Toronto Area","The Toronto Breakroom & Cafeteria Builds","/optimized_v2/prj_toronto_cafeteria-builds_hero.webp","22,000 SqFt","12 Months","Commercial Tier 1 structural overhaul.","Live Operational Constraints","The neighboring units were actively operational, requiring zero acoustic or vibrational bleed.","Negative-Pressure & Dampening","Executed heavy demising inside a negative-pressure acoustic boundary to isolate the worksite completely from public zones.","Their ability to gut 20,000 square feet without disrupting a single adjacent business is terrifyingly efficient.","Marcus T.","Toronto Commercial Asset Director","/optimized_v2/prj_toronto_cafeteria-builds_gal1.webp","/optimized_v2/prj_toronto_cafeteria-builds_gal2.webp","",""
"oakville-cafeteria-builds-exec-1","Commercial","Breakroom & Cafeteria Builds","Oakville, Greater Toronto Area","Oakville Breakroom & Cafeteria Builds","/optimized_v2/prj_oakville_cafeteria-builds_hero.webp","45,000 SqFt","18 Months","Multi-floor corporate interior build-out.","High-Density Data Infrastructure","The tenant required immense miles of fiber-optics without sacrificing the exposed-concrete industrial aesthetic.","Suspended Conduit Matrices","We mapped a geometric cable-tray system that acted as a visual architectural element rather than hidden ducting.","They turned an impossible IT infrastructure requirement into the standout visual feature of our global headquarters.","Sarah L.","Oakville VP of Operations","/optimized_v2/prj_oakville_cafeteria-builds_gal1.webp","/optimized_v2/prj_oakville_cafeteria-builds_gal2.webp","",""
"vaughan-cafeteria-builds-exec-2","Commercial","Breakroom & Cafeteria Builds","Vaughan, Greater Toronto Area","Vaughan Elite Vaughan Breakroom & Cafeteria Builds","/optimized_v2/prj_vaughan_cafeteria-builds_hero.webp","12,500 SqFt","6 Months","Adaptive reuse of an abandoned warehouse.","Toxic Material Abatement","The 1930s facility was lined with century-old industrial hazardous barriers requiring strict environmental protocols.","Total Bio-Seal Removal","We enacted full hazmat lockdown sequencing, clearing the structure to bare brick before beginning the luxury retail refit.","Emperor Sami managed the abatement and the luxury build-out under a single, flawlessly executed timeline.","David K.","Vaughan Retail Investor","/optimized_v2/prj_vaughan_cafeteria-builds_gal1.webp","/optimized_v2/prj_vaughan_cafeteria-builds_gal2.webp","",""
"toronto-acoustic-partitioning-exec-0","Commercial","Acoustic Partitioning","Toronto, Greater Toronto Area","The Toronto Acoustic Partitioning","/optimized_v2/prj_toronto_acoustic-partitioning_hero.webp","22,000 SqFt","12 Months","Commercial Tier 1 structural overhaul.","Live Operational Constraints","The neighboring units were actively operational, requiring zero acoustic or vibrational bleed.","Negative-Pressure & Dampening","Executed heavy demising inside a negative-pressure acoustic boundary to isolate the worksite completely from public zones.","Their ability to gut 20,000 square feet without disrupting a single adjacent business is terrifyingly efficient.","Marcus T.","Toronto Commercial Asset Director","/optimized_v2/prj_toronto_acoustic-partitioning_gal1.webp","/optimized_v2/prj_toronto_acoustic-partitioning_gal2.webp","",""
"oakville-acoustic-partitioning-exec-1","Commercial","Acoustic Partitioning","Oakville, Greater Toronto Area","Oakville Acoustic Partitioning","/optimized_v2/prj_oakville_acoustic-partitioning_hero.webp","45,000 SqFt","18 Months","Multi-floor corporate interior build-out.","High-Density Data Infrastructure","The tenant required immense miles of fiber-optics without sacrificing the exposed-concrete industrial aesthetic.","Suspended Conduit Matrices","We mapped a geometric cable-tray system that acted as a visual architectural element rather than hidden ducting.","They turned an impossible IT infrastructure requirement into the standout visual feature of our global headquarters.","Sarah L.","Oakville VP of Operations","/optimized_v2/prj_oakville_acoustic-partitioning_gal1.webp","/optimized_v2/prj_oakville_acoustic-partitioning_gal2.webp","",""
"vaughan-acoustic-partitioning-exec-2","Commercial","Acoustic Partitioning","Vaughan, Greater Toronto Area","Vaughan Elite Vaughan Acoustic Partitioning","/optimized_v2/prj_vaughan_acoustic-partitioning_hero.webp","12,500 SqFt","6 Months","Adaptive reuse of an abandoned warehouse.","Toxic Material Abatement","The 1930s facility was lined with century-old industrial hazardous barriers requiring strict environmental protocols.","Total Bio-Seal Removal","We enacted full hazmat lockdown sequencing, clearing the structure to bare brick before beginning the luxury retail refit.","Emperor Sami managed the abatement and the luxury build-out under a single, flawlessly executed timeline.","David K.","Vaughan Retail Investor","/optimized_v2/prj_vaughan_acoustic-partitioning_gal1.webp","/optimized_v2/prj_vaughan_acoustic-partitioning_gal2.webp","",""
"toronto-commercial-roofing-exec-0","Commercial","Commercial Roofing Systems","Toronto, Greater Toronto Area","The Toronto Commercial Roofing Systems","/optimized_v2/prj_toronto_commercial-roofing_hero.webp","22,000 SqFt","12 Months","Commercial Tier 1 structural overhaul.","Live Operational Constraints","The neighboring units were actively operational, requiring zero acoustic or vibrational bleed.","Negative-Pressure & Dampening","Executed heavy demising inside a negative-pressure acoustic boundary to isolate the worksite completely from public zones.","Their ability to gut 20,000 square feet without disrupting a single adjacent business is terrifyingly efficient.","Marcus T.","Toronto Commercial Asset Director","/optimized_v2/prj_toronto_commercial-roofing_gal1.webp","/optimized_v2/prj_toronto_commercial-roofing_gal2.webp","",""
"oakville-commercial-roofing-exec-1","Commercial","Commercial Roofing Systems","Oakville, Greater Toronto Area","Oakville Commercial Roofing Systems","/optimized_v2/prj_oakville_commercial-roofing_hero.webp","45,000 SqFt","18 Months","Multi-floor corporate interior build-out.","High-Density Data Infrastructure","The tenant required immense miles of fiber-optics without sacrificing the exposed-concrete industrial aesthetic.","Suspended Conduit Matrices","We mapped a geometric cable-tray system that acted as a visual architectural element rather than hidden ducting.","They turned an impossible IT infrastructure requirement into the standout visual feature of our global headquarters.","Sarah L.","Oakville VP of Operations","/optimized_v2/prj_oakville_commercial-roofing_gal1.webp","/optimized_v2/prj_oakville_commercial-roofing_gal2.webp","",""
"vaughan-commercial-roofing-exec-2","Commercial","Commercial Roofing Systems","Vaughan, Greater Toronto Area","Vaughan Elite Vaughan Commercial Roofing Systems","/optimized_v2/prj_vaughan_commercial-roofing_hero.webp","12,500 SqFt","6 Months","Adaptive reuse of an abandoned warehouse.","Toxic Material Abatement","The 1930s facility was lined with century-old industrial hazardous barriers requiring strict environmental protocols.","Total Bio-Seal Removal","We enacted full hazmat lockdown sequencing, clearing the structure to bare brick before beginning the luxury retail refit.","Emperor Sami managed the abatement and the luxury build-out under a single, flawlessly executed timeline.","David K.","Vaughan Retail Investor","/optimized_v2/prj_vaughan_commercial-roofing_gal1.webp","/optimized_v2/prj_vaughan_commercial-roofing_gal2.webp","",""
"toronto-facade-upgrades-exec-0","Commercial","Architectural Facade Upgrades","Toronto, Greater Toronto Area","The Toronto Architectural Facade Upgrades","/optimized_v2/prj_toronto_facade-upgrades_hero.webp","22,000 SqFt","12 Months","Commercial Tier 1 structural overhaul.","Live Operational Constraints","The neighboring units were actively operational, requiring zero acoustic or vibrational bleed.","Negative-Pressure & Dampening","Executed heavy demising inside a negative-pressure acoustic boundary to isolate the worksite completely from public zones.","Their ability to gut 20,000 square feet without disrupting a single adjacent business is terrifyingly efficient.","Marcus T.","Toronto Commercial Asset Director","/optimized_v2/prj_toronto_facade-upgrades_gal1.webp","/optimized_v2/prj_toronto_facade-upgrades_gal2.webp","",""
"oakville-facade-upgrades-exec-1","Commercial","Architectural Facade Upgrades","Oakville, Greater Toronto Area","Oakville Architectural Facade Upgrades","/optimized_v2/prj_oakville_facade-upgrades_hero.webp","45,000 SqFt","18 Months","Multi-floor corporate interior build-out.","High-Density Data Infrastructure","The tenant required immense miles of fiber-optics without sacrificing the exposed-concrete industrial aesthetic.","Suspended Conduit Matrices","We mapped a geometric cable-tray system that acted as a visual architectural element rather than hidden ducting.","They turned an impossible IT infrastructure requirement into the standout visual feature of our global headquarters.","Sarah L.","Oakville VP of Operations","/optimized_v2/prj_oakville_facade-upgrades_gal1.webp","/optimized_v2/prj_oakville_facade-upgrades_gal2.webp","",""
"vaughan-facade-upgrades-exec-2","Commercial","Architectural Facade Upgrades","Vaughan, Greater Toronto Area","Vaughan Elite Vaughan Architectural Facade Upgrades","/optimized_v2/prj_vaughan_facade-upgrades_hero.webp","12,500 SqFt","6 Months","Adaptive reuse of an abandoned warehouse.","Toxic Material Abatement","The 1930s facility was lined with century-old industrial hazardous barriers requiring strict environmental protocols.","Total Bio-Seal Removal","We enacted full hazmat lockdown sequencing, clearing the structure to bare brick before beginning the luxury retail refit.","Emperor Sami managed the abatement and the luxury build-out under a single, flawlessly executed timeline.","David K.","Vaughan Retail Investor","/optimized_v2/prj_vaughan_facade-upgrades_gal1.webp","/optimized_v2/prj_vaughan_facade-upgrades_gal2.webp","",""
"toronto-storefront-glazing-exec-0","Commercial","Storefront Glazing & Entry","Toronto, Greater Toronto Area","The Toronto Storefront Glazing & Entry","/optimized_v2/prj_toronto_storefront-glazing_hero.webp","22,000 SqFt","12 Months","Commercial Tier 1 structural overhaul.","Live Operational Constraints","The neighboring units were actively operational, requiring zero acoustic or vibrational bleed.","Negative-Pressure & Dampening","Executed heavy demising inside a negative-pressure acoustic boundary to isolate the worksite completely from public zones.","Their ability to gut 20,000 square feet without disrupting a single adjacent business is terrifyingly efficient.","Marcus T.","Toronto Commercial Asset Director","/optimized_v2/prj_toronto_storefront-glazing_gal1.webp","/optimized_v2/prj_toronto_storefront-glazing_gal2.webp","",""
"oakville-storefront-glazing-exec-1","Commercial","Storefront Glazing & Entry","Oakville, Greater Toronto Area","Oakville Storefront Glazing & Entry","/optimized_v2/prj_oakville_storefront-glazing_hero.webp","45,000 SqFt","18 Months","Multi-floor corporate interior build-out.","High-Density Data Infrastructure","The tenant required immense miles of fiber-optics without sacrificing the exposed-concrete industrial aesthetic.","Suspended Conduit Matrices","We mapped a geometric cable-tray system that acted as a visual architectural element rather than hidden ducting.","They turned an impossible IT infrastructure requirement into the standout visual feature of our global headquarters.","Sarah L.","Oakville VP of Operations","/optimized_v2/prj_oakville_storefront-glazing_gal1.webp","/optimized_v2/prj_oakville_storefront-glazing_gal2.webp","",""
"vaughan-storefront-glazing-exec-2","Commercial","Storefront Glazing & Entry","Vaughan, Greater Toronto Area","Vaughan Elite Vaughan Storefront Glazing & Entry","/optimized_v2/prj_vaughan_storefront-glazing_hero.webp","12,500 SqFt","6 Months","Adaptive reuse of an abandoned warehouse.","Toxic Material Abatement","The 1930s facility was lined with century-old industrial hazardous barriers requiring strict environmental protocols.","Total Bio-Seal Removal","We enacted full hazmat lockdown sequencing, clearing the structure to bare brick before beginning the luxury retail refit.","Emperor Sami managed the abatement and the luxury build-out under a single, flawlessly executed timeline.","David K.","Vaughan Retail Investor","/optimized_v2/prj_vaughan_storefront-glazing_gal1.webp","/optimized_v2/prj_vaughan_storefront-glazing_gal2.webp","",""
"toronto-security-fencing-exec-0","Commercial","Perimeter Security Fencing","Toronto, Greater Toronto Area","The Toronto Perimeter Security Fencing","/optimized_v2/prj_toronto_security-fencing_hero.webp","22,000 SqFt","12 Months","Commercial Tier 1 structural overhaul.","Live Operational Constraints","The neighboring units were actively operational, requiring zero acoustic or vibrational bleed.","Negative-Pressure & Dampening","Executed heavy demising inside a negative-pressure acoustic boundary to isolate the worksite completely from public zones.","Their ability to gut 20,000 square feet without disrupting a single adjacent business is terrifyingly efficient.","Marcus T.","Toronto Commercial Asset Director","/optimized_v2/prj_toronto_security-fencing_gal1.webp","/optimized_v2/prj_toronto_security-fencing_gal2.webp","",""
"oakville-security-fencing-exec-1","Commercial","Perimeter Security Fencing","Oakville, Greater Toronto Area","Oakville Perimeter Security Fencing","/optimized_v2/prj_oakville_security-fencing_hero.webp","45,000 SqFt","18 Months","Multi-floor corporate interior build-out.","High-Density Data Infrastructure","The tenant required immense miles of fiber-optics without sacrificing the exposed-concrete industrial aesthetic.","Suspended Conduit Matrices","We mapped a geometric cable-tray system that acted as a visual architectural element rather than hidden ducting.","They turned an impossible IT infrastructure requirement into the standout visual feature of our global headquarters.","Sarah L.","Oakville VP of Operations","/optimized_v2/prj_oakville_security-fencing_gal1.webp","/optimized_v2/prj_oakville_security-fencing_gal2.webp","",""
"vaughan-security-fencing-exec-2","Commercial","Perimeter Security Fencing","Vaughan, Greater Toronto Area","Vaughan Elite Vaughan Perimeter Security Fencing","/optimized_v2/prj_vaughan_security-fencing_hero.webp","12,500 SqFt","6 Months","Adaptive reuse of an abandoned warehouse.","Toxic Material Abatement","The 1930s facility was lined with century-old industrial hazardous barriers requiring strict environmental protocols.","Total Bio-Seal Removal","We enacted full hazmat lockdown sequencing, clearing the structure to bare brick before beginning the luxury retail refit.","Emperor Sami managed the abatement and the luxury build-out under a single, flawlessly executed timeline.","David K.","Vaughan Retail Investor","/optimized_v2/prj_vaughan_security-fencing_gal1.webp","/optimized_v2/prj_vaughan_security-fencing_gal2.webp","",""